--
-- PostgreSQL database dump
--

\restrict LtLjw8rcIVRBxmzJwpB7rKGsfqia3mQ9RIhFbjLm8gdizClR8eCoXgV2xo9o0RW

-- Dumped from database version 16.10
-- Dumped by pg_dump version 18.0

-- Started on 2025-10-27 13:37:37

SET statement_timeout = 0;
SET lock_timeout = 0;
SET idle_in_transaction_session_timeout = 0;
SET transaction_timeout = 0;
SET client_encoding = 'UTF8';
SET standard_conforming_strings = on;
SELECT pg_catalog.set_config('search_path', '', false);
SET check_function_bodies = false;
SET xmloption = content;
SET client_min_messages = warning;
SET row_security = off;

--
-- TOC entry 2 (class 3079 OID 1783914)
-- Name: pgcrypto; Type: EXTENSION; Schema: -; Owner: -
--

CREATE EXTENSION IF NOT EXISTS pgcrypto WITH SCHEMA public;


--
-- TOC entry 3544 (class 0 OID 0)
-- Dependencies: 2
-- Name: EXTENSION pgcrypto; Type: COMMENT; Schema: -; Owner: 
--

COMMENT ON EXTENSION pgcrypto IS 'cryptographic functions';


SET default_tablespace = '';

SET default_table_access_method = heap;

--
-- TOC entry 216 (class 1259 OID 1803281)
-- Name: application; Type: TABLE; Schema: public; Owner: bu029000
--

CREATE TABLE public.application (
    id uuid DEFAULT gen_random_uuid() NOT NULL,
    name character varying(255),
    display_name character varying(255),
    description character varying(255),
    logo bytea,
    lifecycle_state character varying(64),
    created_at timestamp without time zone NOT NULL,
    last_modified timestamp without time zone NOT NULL
);


ALTER TABLE public.application OWNER TO bu029000;

--
-- TOC entry 218 (class 1259 OID 1803290)
-- Name: application_application_tag; Type: TABLE; Schema: public; Owner: bu029000
--

CREATE TABLE public.application_application_tag (
    id bigint NOT NULL,
    application_id uuid NOT NULL,
    tag_id integer NOT NULL
);


ALTER TABLE public.application_application_tag OWNER TO bu029000;

--
-- TOC entry 217 (class 1259 OID 1803289)
-- Name: application_application_tag_id_seq; Type: SEQUENCE; Schema: public; Owner: bu029000
--

ALTER TABLE public.application_application_tag ALTER COLUMN id ADD GENERATED BY DEFAULT AS IDENTITY (
    SEQUENCE NAME public.application_application_tag_id_seq
    START WITH 1
    INCREMENT BY 1
    NO MINVALUE
    NO MAXVALUE
    CACHE 1
);


--
-- TOC entry 220 (class 1259 OID 1803298)
-- Name: application_origin; Type: TABLE; Schema: public; Owner: bu029000
--

CREATE TABLE public.application_origin (
    id bigint NOT NULL,
    application_id uuid NOT NULL,
    country_id integer NOT NULL
);


ALTER TABLE public.application_origin OWNER TO bu029000;

--
-- TOC entry 219 (class 1259 OID 1803297)
-- Name: application_origin_id_seq; Type: SEQUENCE; Schema: public; Owner: bu029000
--

ALTER TABLE public.application_origin ALTER COLUMN id ADD GENERATED BY DEFAULT AS IDENTITY (
    SEQUENCE NAME public.application_origin_id_seq
    START WITH 1
    INCREMENT BY 1
    NO MINVALUE
    NO MAXVALUE
    CACHE 1
);


--
-- TOC entry 222 (class 1259 OID 1803306)
-- Name: application_tag; Type: TABLE; Schema: public; Owner: bu029000
--

CREATE TABLE public.application_tag (
    id integer NOT NULL,
    name character varying(255) NOT NULL,
    display_name character varying(255) NOT NULL,
    tag_type character varying(64) NOT NULL
);


ALTER TABLE public.application_tag OWNER TO bu029000;

--
-- TOC entry 221 (class 1259 OID 1803305)
-- Name: application_tag_id_seq; Type: SEQUENCE; Schema: public; Owner: bu029000
--

ALTER TABLE public.application_tag ALTER COLUMN id ADD GENERATED BY DEFAULT AS IDENTITY (
    SEQUENCE NAME public.application_tag_id_seq
    START WITH 1
    INCREMENT BY 1
    NO MINVALUE
    NO MAXVALUE
    CACHE 1
);


--
-- TOC entry 223 (class 1259 OID 1803313)
-- Name: connid_version; Type: TABLE; Schema: public; Owner: bu029000
--

CREATE TABLE public.connid_version (
    version character varying(64) NOT NULL,
    midpoint_version character varying(255) NOT NULL
);


ALTER TABLE public.connid_version OWNER TO bu029000;

--
-- TOC entry 225 (class 1259 OID 1803321)
-- Name: country_of_origin; Type: TABLE; Schema: public; Owner: bu029000
--

CREATE TABLE public.country_of_origin (
    id integer NOT NULL,
    name character varying(255) NOT NULL,
    display_name character varying(255) NOT NULL
);


ALTER TABLE public.country_of_origin OWNER TO bu029000;

--
-- TOC entry 224 (class 1259 OID 1803320)
-- Name: country_of_origin_id_seq; Type: SEQUENCE; Schema: public; Owner: bu029000
--

ALTER TABLE public.country_of_origin ALTER COLUMN id ADD GENERATED BY DEFAULT AS IDENTITY (
    SEQUENCE NAME public.country_of_origin_id_seq
    START WITH 1
    INCREMENT BY 1
    NO MINVALUE
    NO MAXVALUE
    CACHE 1
);


--
-- TOC entry 226 (class 1259 OID 1803328)
-- Name: downloads; Type: TABLE; Schema: public; Owner: bu029000
--

CREATE TABLE public.downloads (
    implementation_version_id uuid NOT NULL,
    ip_address character varying(45) NOT NULL,
    user_agent character varying(255) NOT NULL,
    downloaded_at timestamp without time zone NOT NULL,
    id uuid NOT NULL
);


ALTER TABLE public.downloads OWNER TO bu029000;

--
-- TOC entry 228 (class 1259 OID 1803334)
-- Name: implementation; Type: TABLE; Schema: public; Owner: bu029000
--

CREATE TABLE public.implementation (
    id uuid DEFAULT gen_random_uuid() NOT NULL,
    display_name character varying(255),
    connector_bundle character varying(255),
    maintainer character varying(255),
    framework character varying(64) NOT NULL,
    ticketing_system_link text,
    license character varying(64) NOT NULL,
    application uuid NOT NULL
);


ALTER TABLE public.implementation OWNER TO bu029000;


--
-- TOC entry 230 (class 1259 OID 1803342)
-- Name: implementation_implementation_tag; Type: TABLE; Schema: public; Owner: bu029000
--

CREATE TABLE public.implementation_implementation_tag (
    id integer NOT NULL,
    implementation_id uuid NOT NULL,
    tag_id integer NOT NULL
);


ALTER TABLE public.implementation_implementation_tag OWNER TO bu029000;

--
-- TOC entry 229 (class 1259 OID 1803341)
-- Name: implementation_implementation_tag_id_seq; Type: SEQUENCE; Schema: public; Owner: bu029000
--

ALTER TABLE public.implementation_implementation_tag ALTER COLUMN id ADD GENERATED BY DEFAULT AS IDENTITY (
    SEQUENCE NAME public.implementation_implementation_tag_id_seq
    START WITH 1
    INCREMENT BY 1
    NO MINVALUE
    NO MAXVALUE
    CACHE 1
);


--
-- TOC entry 232 (class 1259 OID 1803348)
-- Name: implementation_tag; Type: TABLE; Schema: public; Owner: bu029000
--

CREATE TABLE public.implementation_tag (
    id integer NOT NULL,
    name character varying(255) NOT NULL,
    display_name character varying(255) NOT NULL
);


ALTER TABLE public.implementation_tag OWNER TO bu029000;

--
-- TOC entry 231 (class 1259 OID 1803347)
-- Name: implementation_tag_id_seq; Type: SEQUENCE; Schema: public; Owner: bu029000
--

ALTER TABLE public.implementation_tag ALTER COLUMN id ADD GENERATED BY DEFAULT AS IDENTITY (
    SEQUENCE NAME public.implementation_tag_id_seq
    START WITH 1
    INCREMENT BY 1
    NO MINVALUE
    NO MAXVALUE
    CACHE 1
);


--
-- TOC entry 233 (class 1259 OID 1803355)
-- Name: implementation_version; Type: TABLE; Schema: public; Owner: bu029000
--

CREATE TABLE public.implementation_version (
    id uuid DEFAULT gen_random_uuid() NOT NULL,
    description character varying(255),
    connector_version character varying(255),
    capabilities jsonb DEFAULT '[]'::jsonb NOT NULL,
    browse_link character varying(255),
    checkout_link character varying(255),
    download_link character varying(255),
    system_version character varying(255),
    author character varying(255),
    released_date date,
    publish_date timestamp without time zone,
    lifecycle_state character varying(64),
    build_framework character varying(64) NOT NULL,
    connid_version character varying(64),
    implementation_id uuid NOT NULL,
    error_message character varying(255)
);


ALTER TABLE public.implementation_version OWNER TO bu029000;

--
-- TOC entry 235 (class 1259 OID 1803365)
-- Name: request; Type: TABLE; Schema: public; Owner: bu029000
--

CREATE TABLE public.request (
    id integer NOT NULL,
    application_id uuid NOT NULL,
    capabilities jsonb DEFAULT '[]'::jsonb NOT NULL,
    requester character varying(255),
    CONSTRAINT unique_request_per_application UNIQUE (application_id)
);


ALTER TABLE public.request OWNER TO bu029000;

--
-- TOC entry 234 (class 1259 OID 1803364)
-- Name: request_id_seq; Type: SEQUENCE; Schema: public; Owner: bu029000
--

ALTER TABLE public.request ALTER COLUMN id ADD GENERATED BY DEFAULT AS IDENTITY (
    SEQUENCE NAME public.request_id_seq
    START WITH 1
    INCREMENT BY 1
    NO MINVALUE
    NO MAXVALUE
    CACHE 1
);


--
-- TOC entry 236 (class 1259 OID 1803373)
-- Name: votes; Type: TABLE; Schema: public; Owner: bu029000
--

CREATE TABLE public.votes (
    request_id integer NOT NULL,
    voter character varying(255) NOT NULL
);


ALTER TABLE public.votes OWNER TO bu029000;

--
-- TOC entry 3518 (class 0 OID 1803281)
-- Dependencies: 216
-- Data for Name: application; Type: TABLE DATA; Schema: public; Owner: bu029000
--

COPY public.application (id, name, display_name, description, logo, lifecycle_state, created_at, last_modified) FROM stdin;
54dfdf0e-4528-4b03-967d-4af33e49a0ab	csv-connector	CSV Connector	Near day goal question effect third many. Attack direction future show he lose morning hit.\nCrime single heavy surface shake admit matter. Expert look instead.	\\xa961c4a91369fcde892dad2cbfaac913a9d3475499526077963b8a5bfd155f944aecc98becdf1f239b2a17cd09ef83e8635fa28227dc3a37666fe26990255bf2a989bc1f40354a4914bca0370e92444ba113745c95a40c19e388f965c27e6ca80c80767c	ACTIVE	2025-06-29 05:51:48	2025-06-29 05:51:48
7774eb84-2b8e-41ba-9f40-65cfbf39f927	pokus_1	Pokus 1	pOKUS	\N	REQUESTED	2025-10-24 08:49:41	2025-10-24 08:49:41
e5c2e9d6-4d28-4a08-8374-998c5373a35a	salesforce-connector	Salesforce Connector	Former serve beautiful make international ever. Available brother writer example fact. Election character risk subject inside stay.	\N	ACTIVE	2025-05-12 14:52:23	2025-05-12 14:52:23
e5c2e9d6-4d28-4a08-8374-998c5373a35b	salesforce-connector	Salesforce Connector	Former serve beautiful make international ever. Available brother writer example fact. Election character risk subject inside stay.	\N	ACTIVE	2025-05-12 14:52:23	2025-05-12 14:52:23
e5c2e9d6-4d28-4a08-8374-998c5373a35c	ldap-connector	LDAP Connector	Former serve beautiful make international ever. Available brother writer example fact. Election character risk subject inside stay.	\\x70722ffd80a5819cbffd0b6eee772d15d4345c9ba3c786f94a733d6c1e23ca9f0ab3dc23375031e2a719c300d5b8d53b580e013e411672bdf25d4f2ea159e76a0450f731ac825a9ecd42cf125dd4ed7fca0cbe25cb4c03af8730381578847c79f1e671b0	ACTIVE	2025-05-12 14:52:23	2025-05-12 14:52:23
e5c2e9d6-4d28-4a08-8374-998c5373a35d	salesforce-connector	Salesforce Connector	Former serve beautiful make international ever. Available brother writer example fact. Election character risk subject inside stay.	\N	ACTIVE	2025-05-12 14:52:23	2025-05-12 14:52:23
e5c2e9d6-4d28-4a08-8374-998c5373a35e	salesforce-connector	Salesforce Connector	Former serve beautiful make international ever. Available brother writer example fact. Election character risk subject inside stay.	\N	ACTIVE	2025-05-12 14:52:23	2025-05-12 14:52:23
e5c2e9d6-4d28-4a08-8374-998c5373a35f	salesforce-connector	Salesforce Connector	Former serve beautiful make international ever. Available brother writer example fact. Election character risk subject inside stay.	\N	ACTIVE	2025-05-12 14:52:23	2025-05-12 14:52:23
2e216899-cc0b-4a56-8788-c8892fa8f0a2	pokus_1.2	pokus 1.2	aj tu je text	\N	REQUESTED	2025-10-24 11:24:33	2025-10-24 11:24:33
9ed6e4fb-5f06-4081-845c-df023274e4db	databasetable-connector	DatabaseTable Connector	Career name these thank word explain. Past care over whom. Another moment sometimes camera every. While fly game wind data debate myself.	\\x34d87c4cb5324cb11182d876130e944cc385e0debfd7ea28165ec5a65b932bcf7bd35c1101614a6e204090baf734d551f560e1c02bbab81ff4d9470c178bb7a682f12eb694505a15ef2c38cd825aebf14d04c869de66ebb7a2692646b36ea37b09311504	WITH_ERROR	2025-01-20 08:29:41	2025-01-20 08:29:41
4a3c7f04-4106-4934-add1-f329f6333ad0	sap-integration	SAP Integration	Success green news can hot. Assume lay system tend message recognize however.\nCustomer sign sing research. Against ready right high. Rise style rock tough.	\\x33353af1f318a9c95c213338529ccadb0d0d9708a725a8574ee71f21bd29841000ec416ad2287128248df40539fdbe01dd782cb8077b5e27eb03af688666d8c595c82b55ff646af97ecbede8646138e846fd111804c11b32b11cdbe0d35294cc5c70dfcf	IN_PUBLISH_PROCESS	2025-03-12 18:54:19	2025-03-12 18:54:19
4a3c7f04-4106-4934-add1-f329f6333ad1	sap-integration	SAP Integration	Success green news can hot. Assume lay system tend message recognize however.\nCustomer sign sing research. Against ready right high. Rise style rock tough.	\N	IN_PUBLISH_PROCESS	2025-03-12 18:54:19	2025-03-12 18:54:19
5f0ba262-a08b-44fc-b830-f4942e3efeb1	workday-adapter	Workday Adapter	Before according scene include arrive measure themselves. Long during media last son record history. Early on more.	\N	IN_PUBLISH_PROCESS	2025-09-27 04:02:54	2025-09-27 04:02:54
5f0ba262-a08b-44fc-b830-f4942e3efeb2	workday-adapter	Workday Adapter	Before according scene include arrive measure themselves. Long during media last son record history. Early on more.	\N	WITH_ERROR	2025-09-27 04:02:54	2025-09-27 04:02:54
5f0ba262-a08b-44fc-b830-f4942e3efeb3	workday-adapter	Workday Adapter	Before according scene include arrive measure themselves. Long during media last son record history. Early on more.	\N	WITH_ERROR	2025-09-27 04:02:54	2025-09-27 04:02:54
5f0ba262-a08b-44fc-b830-f4942e3efeb4	workday-adapter	Workday Adapter	Before according scene include arrive measure themselves. Long during media last son record history. Early on more.	\\x7db0fb87eece91b8232cb25a73972596b50cceaf2ef34689e67d08898c6dfdf60f44181b867d87e8a4ada0cc50ce412dd955f7003142501a50e89c5472ec22b4e4e6d63fc9ce6f31dfa887aa5f815b0ddaefad0ca8a041afe7b276fa00b7cc7523229699	WITH_ERROR	2025-09-27 04:02:54	2025-09-27 04:02:54
\.


--
-- TOC entry 3520 (class 0 OID 1803290)
-- Dependencies: 218
-- Data for Name: application_application_tag; Type: TABLE DATA; Schema: public; Owner: bu029000
--

COPY public.application_application_tag (id, application_id, tag_id) FROM stdin;
1	54dfdf0e-4528-4b03-967d-4af33e49a0ab	2
2	54dfdf0e-4528-4b03-967d-4af33e49a0ab	5
3	54dfdf0e-4528-4b03-967d-4af33e49a0ab	7
4	54dfdf0e-4528-4b03-967d-4af33e49a0ab	8
26	e5c2e9d6-4d28-4a08-8374-998c5373a35a	3
27	e5c2e9d6-4d28-4a08-8374-998c5373a35b	4
5	e5c2e9d6-4d28-4a08-8374-998c5373a35c	1
6	e5c2e9d6-4d28-4a08-8374-998c5373a35c	6
7	e5c2e9d6-4d28-4a08-8374-998c5373a35c	7
28	e5c2e9d6-4d28-4a08-8374-998c5373a35d	4
29	e5c2e9d6-4d28-4a08-8374-998c5373a35e	3
30	e5c2e9d6-4d28-4a08-8374-998c5373a35f	4
8	9ed6e4fb-5f06-4081-845c-df023274e4db	3
9	9ed6e4fb-5f06-4081-845c-df023274e4db	5
11	4a3c7f04-4106-4934-add1-f329f6333ad0	1
12	4a3c7f04-4106-4934-add1-f329f6333ad0	5
13	4a3c7f04-4106-4934-add1-f329f6333ad0	10
25	4a3c7f04-4106-4934-add1-f329f6333ad1	2
19	5f0ba262-a08b-44fc-b830-f4942e3efeb1	2
18	5f0ba262-a08b-44fc-b830-f4942e3efeb2	11
17	5f0ba262-a08b-44fc-b830-f4942e3efeb3	11
14	5f0ba262-a08b-44fc-b830-f4942e3efeb4	1
15	5f0ba262-a08b-44fc-b830-f4942e3efeb4	8
\.


--
-- TOC entry 3522 (class 0 OID 1803298)
-- Dependencies: 220
-- Data for Name: application_origin; Type: TABLE DATA; Schema: public; Owner: bu029000
--

COPY public.application_origin (id, application_id, country_id) FROM stdin;
5	54dfdf0e-4528-4b03-967d-4af33e49a0ab	5
1	e5c2e9d6-4d28-4a08-8374-998c5373a35c	1
8	9ed6e4fb-5f06-4081-845c-df023274e4db	1
4	9ed6e4fb-5f06-4081-845c-df023274e4db	4
2	4a3c7f04-4106-4934-add1-f329f6333ad0	2
7	4a3c7f04-4106-4934-add1-f329f6333ad0	3
3	5f0ba262-a08b-44fc-b830-f4942e3efeb4	3
\.


--
-- TOC entry 3524 (class 0 OID 1803306)
-- Dependencies: 222
-- Data for Name: application_tag; Type: TABLE DATA; Schema: public; Owner: bu029000
--

COPY public.application_tag (id, name, display_name, tag_type) FROM stdin;
1	directory_systems	Directory Systems	CATEGORY
2	hr_systems	HR Systems	CATEGORY
3	office_and_email_systems	Office and Email Systems	CATEGORY
4	security_and_access_control_systems	Security and Access Control Systems	CATEGORY
5	cloud-based	Cloud based	DEPLOYMENT
6	on-premise	On premise	DEPLOYMENT
7	eu-based	EU based	LOCALITY
8	popular	Popular	COMMON
9	us	USA based	LOCALITY
10	uk	UK	LOCALITY
11	internal_applications	Internal Applications	CATEGORY
\.


--
-- TOC entry 3525 (class 0 OID 1803313)
-- Dependencies: 223
-- Data for Name: connid_version; Type: TABLE DATA; Schema: public; Owner: bu029000
--

COPY public.connid_version (version, midpoint_version) FROM stdin;
1.1.0.0	["4.1.0", "4.1.1"]
1.2.0.0	["4.2.0", "4.2.1"]
1.3.0.0	["4.3.0", "4.3.1"]
1.4.0.0	["4.4.0", "4.4.1"]
1.5.0.0	["4.5.0", "4.5.1"]
\.


--
-- TOC entry 3527 (class 0 OID 1803321)
-- Dependencies: 225
-- Data for Name: country_of_origin; Type: TABLE DATA; Schema: public; Owner: bu029000
--

COPY public.country_of_origin (id, name, display_name) FROM stdin;
1	austria	Austria, Europe
2	france	France, EU
3	cambodia	Cambodia, Asia
4	croatia	Croatia, EU
5	illinois	Illinoins, USA
\.


--
-- TOC entry 3528 (class 0 OID 1803328)
-- Dependencies: 226
-- Data for Name: downloads; Type: TABLE DATA; Schema: public; Owner: bu029000
--

COPY public.downloads (implementation_version_id, ip_address, user_agent, downloaded_at, id) FROM stdin;
e87a6b1b-38c5-4834-96de-2418dbda9f1b	122.154.103.227	Mozilla/5.0 (Linux; Android 4.2.2) AppleWebKit/534.2 (KHTML, like Gecko) Chrome/56.0.868.0 Safari/534.2	2025-08-01 10:00:20	4fae33f4-7ab6-4ad8-8c5a-ec1f869d48b1
6d3544ab-e5ed-457f-b356-56e9fd419cbc	219.90.145.191	Mozilla/5.0 (compatible; MSIE 9.0; Windows NT 6.0; Trident/5.0)	2025-09-15 15:03:31	f8771572-28bb-47a4-afef-f21256d0ce9a
5616cdc5-2b90-42ac-b347-78928126de09	83.160.162.104	Opera/8.86.(Windows NT 5.2; de-DE) Presto/2.9.162 Version/12.00	2025-03-13 20:52:30	6e7cbe6c-2fdc-4d60-ba87-443e58bc1de7
eb19c64d-2cc9-4828-b38f-e4298be9b208	182.165.80.49	Mozilla/5.0 (iPad; CPU iPad OS 15_8_2 like Mac OS X) AppleWebKit/536.1 (KHTML, like Gecko) CriOS/39.0.895.0 Mobile/52C249 Safari/536.1	2025-03-31 17:46:53	81503522-8948-41bf-82ba-05ad7e299d79
eb460ab7-5797-42b0-ad70-eccdc113cf0c	43.154.255.67	Opera/8.62.(X11; Linux x86_64; tg-TJ) Presto/2.9.177 Version/10.00	2025-06-01 16:36:32	8172d5e5-675a-45ab-8e55-690f5a4e88d0
\.


--
-- TOC entry 3530 (class 0 OID 1803334)
-- Dependencies: 228
-- Data for Name: implementation; Type: TABLE DATA; Schema: public; Owner: bu029000
--

COPY public.implementation (id, display_name, connector_bundle, maintainer, framework, ticketing_system_link, license, application) FROM stdin;
b2c3d4e5-f6a7-4b8c-9d0e-1f2a3b4c5d6e	SAP Integration Implementation	com.evolveum.polygon.connector.sap.integration	Scott, Baker and Howard	SCIM_REST	http://clark.com/	MIT	4a3c7f04-4106-4934-add1-f329f6333ad0
c3d4e5f6-a7b8-4c9d-0e1f-2a3b4c5d6e7f	Workday Adapter Implementation	com.evolveum.polygon.connector.workday.adapter	Smith-Olson	SCIM_REST	https://www.phillips.org/	APACHE_2	5f0ba262-a08b-44fc-b830-f4942e3efeb4
a1b2c3d4-e5f6-4a7b-8c9d-0e1f2a3b4c5d	LDAP Connector Implementation	com.evolveum.polygon.connector.salesforce.connector	Wilson-Robinson	CONNID	http://www.may.info/	MIT	e5c2e9d6-4d28-4a08-8374-998c5373a35c
d4e5f6a7-b8c9-4d0e-1f2a-3b4c5d6e7f8a	DatabaseTable Connector Implementation	com.evolveum.polygon.connector.azure.ad.sync	Crawford and Sons	CONNID	https://www.weber.com/	MIT	9ed6e4fb-5f06-4081-845c-df023274e4db
e5f6a7b8-c9d0-4e1f-2a3b-4c5d6e7f8a9b	CSV Connector Implementation	com.evolveum.polygon.connector.oracle.connector	Stevens and Sons	CONNID	http://levy-herrera.net/	APACHE_2	54dfdf0e-4528-4b03-967d-4af33e49a0ab
f6a7b8c9-d0e1-4f2a-3b4c-5d6e7f8a9b0c	CSV Connector Implementation	com.evolveum.polygon.connector.oracle.connector	Stevens and Sons	CONNID	http://levy-herrera.net/	APACHE_2	54dfdf0e-4528-4b03-967d-4af33e49a0ab
\.


--
-- TOC entry 3532 (class 0 OID 1803342)
-- Dependencies: 230
-- Data for Name: implementation_implementation_tag; Type: TABLE DATA; Schema: public; Owner: bu029000
--

COPY public.implementation_implementation_tag (id, implementation_id, tag_id) FROM stdin;
3	e5f6a7b8-c9d0-4e1f-2a3b-4c5d6e7f8a9b	1
\.


--
-- TOC entry 3534 (class 0 OID 1803348)
-- Dependencies: 232
-- Data for Name: implementation_tag; Type: TABLE DATA; Schema: public; Owner: bu029000
--

COPY public.implementation_tag (id, name, display_name) FROM stdin;
1	ai_generated	AI Generated
5	custom	CUSTOM
6	paged_search	Paged search
7	live_sync	Live sync
8	script	Script
9	password	Password
10	credentials	Credentials
11	test_connection	Test connection
12	lot_of_text	Lot of text
13	small_filler	Small filler
14	big_filler	BIG FILLER
\.


--
-- TOC entry 3535 (class 0 OID 1803355)
-- Dependencies: 233
-- Data for Name: implementation_version; Type: TABLE DATA; Schema: public; Owner: bu029000
--

COPY public.implementation_version (id, description, connector_version, capabilities, browse_link, checkout_link, download_link, system_version, author, released_date, publish_date, lifecycle_state, build_framework, connid_version, implementation_id, error_message) FROM stdin;
e87a6b1b-38c5-4834-96de-2418dbda9f1b	Hit something action building majority body. Newspaper sell business write political tough not.\nShake sing part picture person.	2.0.8	["CREATE", "READ", "DELETE", "SOAP", "RESP API", "JDBC", "SKD", "Paged Search", "Live Sync", "Script", "Credentials", "Test Connection"]	https://khan.com/	https://khan.com//tree/v2.0.8	http://chung-weaver.biz//downloads/connector-2.0.8.jar	System 1.5	tuckerjames@example.org	2025-05-02	2025-09-25 09:55:02	IN_PUBLISH_PROCESS	GRADLE	1.2.0.0	b2c3d4e5-f6a7-4b8c-9d0e-1f2a3b4c5d6e	\N
5616cdc5-2b90-42ac-b347-78928126de08	CSV connector	5.2	["CREATE", "READ", "DELETE", "SOAP", "RESP API", "JDBC", "SKD", "Paged Search", "Live Sync", "Script", "Credentials", "Test Connection", "Installed"]	http://www.ramirez-flores.biz/	https://github.com/Evolveum/connector-csv/tree/v2.8	https://nexus.evolveum.com/nexus/repository/public/com/evolveum/polygon/connector-csv/2.8/connector-csv-2.8.jar	System 1.5	isabelthomas@evolveum.com	2025-04-14	2025-07-27 13:44:05	ACTIVE	MAVEN	1.5.0.0	e5f6a7b8-c9d0-4e1f-2a3b-4c5d6e7f8a9b	\N
5616cdc5-2b90-42ac-b347-78928126de09	LDAP connector	5.0.0	["CREATE", "READ", "UPDATE"]	http://www.ramirez-flores.biz/	https://github.com/Evolveum/connector-ldap/tree/v3.9	https://nexus.evolveum.com/nexus/repository/releases/com/evolveum/polygon/connector-ldap/3.9.1/connector-ldap-3.9.1.jar	System 1.5	isabelthomas@example.com	2025-04-14	2025-07-27 13:44:05	ACTIVE	MAVEN	1.5.0.0	f6a7b8c9-d0e1-4f2a-3b4c-5d6e7f8a9b0c	\N
5616cdc5-2b90-42ac-b347-78928126de10	Databasetable connector	5.1	["CREATE", "READ", "UPDATE", "DELETE"]	http://www.ramirez-flores.biz/	https://github.com/Evolveum/openicf/releases/tag/connector-databasetable-v1.5.1.0	https://nexus.evolveum.com/nexus/repository/releases/com/evolveum/polygon/connector-databasetable/1.5.2.0/connector-databasetable-1.5.2.0.jar	System 1.5	isabelthomas@evolveum.com	2025-04-14	2025-07-27 13:44:05	DEPRECATED	MAVEN	1.5.0.0	e5f6a7b8-c9d0-4e1f-2a3b-4c5d6e7f8a9b	\N
eb460ab7-5797-42b0-ad70-eccdc113cf0c	Level painting his lot sound. Involve note big everyone.\nReflect claim throw huge. Head design amount pressure goal.	3.0.1	["CREATE", "READ", "UPDATE", "DELETE"]	https://www.serrano.com/	https://www.serrano.com//tree/v3.0.1	http://miles.org//downloads/connector-3.0.1.jar	API v59.0	iwarner@example.net	2025-06-30	2025-07-15 02:16:54	WITH_ERROR	GRADLE	1.3.0.0	c3d4e5f6-a7b8-4c9d-0e1f-2a3b4c5d6e7f	\N
eb19c64d-2cc9-4828-b38f-e4298be9b208	Degree every others capital. Perform important animal fish find power thing.	1.0.4	["CREATE", "READ", "UPDATE", "DELETE"]	https://www.blake.org/	https://github.com/Evolveum/connector-ldap/tree/v3.9	https://nexus.evolveum.com/nexus/repository/releases/com/evolveum/polygon/connector-ldap/3.9.1/connector-ldap-3.9.1.jar	System 0.3	shelly74@example.com	2025-09-25	2025-09-22 22:19:49	ARCHIVED	MAVEN	1.1.0.0	a1b2c3d4-e5f6-4a7b-8c9d-0e1f2a3b4c5d	\N
6d3544ab-e5ed-457f-b356-56e9fd419cbc	Music rise area player. Focus wife particular class. Read protect add spend who cover also.	4.0.2	["CREATE", "READ", "UPDATE", "DELETE"]	https://collins.com/	https://github.com/Evolveum/openicf/releases/tag/connector-databasetable-v1.5.1.0	https://nexus.evolveum.com/nexus/repository/releases/com/evolveum/polygon/connector-databasetable/1.5.2.0/connector-databasetable-1.5.2.0.jar	System 1.51	zacharywilcox@example.net	2025-04-06	2025-02-09 14:52:59	ACTIVE	MAVEN	1.4.0.0	d4e5f6a7-b8c9-4d0e-1f2a-3b4c5d6e7f8a	\N
\.


--
-- TOC entry 3537 (class 0 OID 1803365)
-- Dependencies: 235
-- Data for Name: request; Type: TABLE DATA; Schema: public; Owner: bu029000
--

COPY public.request (id, application_id, capabilities, requester) FROM stdin;
7	7774eb84-2b8e-41ba-9f40-65cfbf39f927	["User Credentials"]	\N
8	2e216899-cc0b-4a56-8788-c8892fa8f0a2	["Paged Search", "Auxiliary Object Classes", "Password Security", "Create Entry", "Read Access"]	tomo.simon@gmail.com
\.


--
-- TOC entry 3538 (class 0 OID 1803373)
-- Dependencies: 236
-- Data for Name: votes; Type: TABLE DATA; Schema: public; Owner: bu029000
--

COPY public.votes (request_id, voter) FROM stdin;
7	u1
7	u2
8	u1
7	u3
\.


--
-- TOC entry 3545 (class 0 OID 0)
-- Dependencies: 217
-- Name: application_application_tag_id_seq; Type: SEQUENCE SET; Schema: public; Owner: bu029000
--

SELECT pg_catalog.setval('public.application_application_tag_id_seq', 30, true);


--
-- TOC entry 3546 (class 0 OID 0)
-- Dependencies: 219
-- Name: application_origin_id_seq; Type: SEQUENCE SET; Schema: public; Owner: bu029000
--

SELECT pg_catalog.setval('public.application_origin_id_seq', 8, true);


--
-- TOC entry 3547 (class 0 OID 0)
-- Dependencies: 221
-- Name: application_tag_id_seq; Type: SEQUENCE SET; Schema: public; Owner: bu029000
--

SELECT pg_catalog.setval('public.application_tag_id_seq', 20, true);


--
-- TOC entry 3548 (class 0 OID 0)
-- Dependencies: 224
-- Name: country_of_origin_id_seq; Type: SEQUENCE SET; Schema: public; Owner: bu029000
--

SELECT pg_catalog.setval('public.country_of_origin_id_seq', 5, true);


--
-- TOC entry 3550 (class 0 OID 0)
-- Dependencies: 229
-- Name: implementation_implementation_tag_id_seq; Type: SEQUENCE SET; Schema: public; Owner: bu029000
--

SELECT pg_catalog.setval('public.implementation_implementation_tag_id_seq', 21, true);


--
-- TOC entry 3551 (class 0 OID 0)
-- Dependencies: 231
-- Name: implementation_tag_id_seq; Type: SEQUENCE SET; Schema: public; Owner: bu029000
--

SELECT pg_catalog.setval('public.implementation_tag_id_seq', 14, true);


--
-- TOC entry 3552 (class 0 OID 0)
-- Dependencies: 234
-- Name: request_id_seq; Type: SEQUENCE SET; Schema: public; Owner: bu029000
--

SELECT pg_catalog.setval('public.request_id_seq', 8, true);


--
-- TOC entry 3331 (class 2606 OID 1803294)
-- Name: application_application_tag application_application_tag_pkey; Type: CONSTRAINT; Schema: public; Owner: bu029000
--

ALTER TABLE ONLY public.application_application_tag
    ADD CONSTRAINT application_application_tag_pkey PRIMARY KEY (id);


--
-- TOC entry 3335 (class 2606 OID 1803302)
-- Name: application_origin application_origin_pkey; Type: CONSTRAINT; Schema: public; Owner: bu029000
--

ALTER TABLE ONLY public.application_origin
    ADD CONSTRAINT application_origin_pkey PRIMARY KEY (id);


--
-- TOC entry 3329 (class 2606 OID 1803288)
-- Name: application application_pkey; Type: CONSTRAINT; Schema: public; Owner: bu029000
--

ALTER TABLE ONLY public.application
    ADD CONSTRAINT application_pkey PRIMARY KEY (id);


--
-- TOC entry 3339 (class 2606 OID 1803312)
-- Name: application_tag application_tag_pkey; Type: CONSTRAINT; Schema: public; Owner: bu029000
--

ALTER TABLE ONLY public.application_tag
    ADD CONSTRAINT application_tag_pkey PRIMARY KEY (id);


--
-- TOC entry 3341 (class 2606 OID 1803319)
-- Name: connid_version connid_version_pkey; Type: CONSTRAINT; Schema: public; Owner: bu029000
--

ALTER TABLE ONLY public.connid_version
    ADD CONSTRAINT connid_version_pkey PRIMARY KEY (version);


--
-- TOC entry 3343 (class 2606 OID 1803327)
-- Name: country_of_origin country_of_origin_pkey; Type: CONSTRAINT; Schema: public; Owner: bu029000
--

ALTER TABLE ONLY public.country_of_origin
    ADD CONSTRAINT country_of_origin_pkey PRIMARY KEY (id);


--
-- TOC entry 3345 (class 2606 OID 1803332)
-- Name: downloads downloads_pkey; Type: CONSTRAINT; Schema: public; Owner: bu029000
--

ALTER TABLE ONLY public.downloads
    ADD CONSTRAINT downloads_pkey PRIMARY KEY (implementation_version_id, ip_address, downloaded_at);


--
-- TOC entry 3351 (class 2606 OID 1803346)
-- Name: implementation_implementation_tag implementation_implementation_tag_pkey; Type: CONSTRAINT; Schema: public; Owner: bu029000
--

ALTER TABLE ONLY public.implementation_implementation_tag
    ADD CONSTRAINT implementation_implementation_tag_pkey PRIMARY KEY (id);


--
-- TOC entry 3349 (class 2606 OID 1803340)
-- Name: implementation implementation_pkey; Type: CONSTRAINT; Schema: public; Owner: bu029000
--

ALTER TABLE ONLY public.implementation
    ADD CONSTRAINT implementation_pkey PRIMARY KEY (id);


--
-- TOC entry 3353 (class 2606 OID 1803354)
-- Name: implementation_tag implementation_tag_pkey; Type: CONSTRAINT; Schema: public; Owner: bu029000
--

ALTER TABLE ONLY public.implementation_tag
    ADD CONSTRAINT implementation_tag_pkey PRIMARY KEY (id);


--
-- TOC entry 3357 (class 2606 OID 1803363)
-- Name: implementation_version implementation_version_pkey; Type: CONSTRAINT; Schema: public; Owner: bu029000
--

ALTER TABLE ONLY public.implementation_version
    ADD CONSTRAINT implementation_version_pkey PRIMARY KEY (id);


--
-- TOC entry 3360 (class 2606 OID 1803372)
-- Name: request request_pkey; Type: CONSTRAINT; Schema: public; Owner: bu029000
--

ALTER TABLE ONLY public.request
    ADD CONSTRAINT request_pkey PRIMARY KEY (id);


--
-- TOC entry 3337 (class 2606 OID 1803304)
-- Name: application_origin unique_app_country; Type: CONSTRAINT; Schema: public; Owner: bu029000
--

ALTER TABLE ONLY public.application_origin
    ADD CONSTRAINT unique_app_country UNIQUE (application_id, country_id);


--
-- TOC entry 3333 (class 2606 OID 1803296)
-- Name: application_application_tag unique_app_tag; Type: CONSTRAINT; Schema: public; Owner: bu029000
--

ALTER TABLE ONLY public.application_application_tag
    ADD CONSTRAINT unique_app_tag UNIQUE (application_id, tag_id);


--
-- TOC entry 3362 (class 2606 OID 1803377)
-- Name: votes votes_pkey; Type: CONSTRAINT; Schema: public; Owner: bu029000
--

ALTER TABLE ONLY public.votes
    ADD CONSTRAINT votes_pkey PRIMARY KEY (request_id, voter);


--
-- TOC entry 3346 (class 1259 OID 1803378)
-- Name: idx_dl_ver; Type: INDEX; Schema: public; Owner: bu029000
--

CREATE INDEX idx_dl_ver ON public.downloads USING btree (implementation_version_id);


--
-- TOC entry 3347 (class 1259 OID 1803379)
-- Name: idx_impl_app; Type: INDEX; Schema: public; Owner: bu029000
--

CREATE INDEX idx_impl_app ON public.implementation USING btree (application);


--
-- TOC entry 3354 (class 1259 OID 1803381)
-- Name: idx_implver_connid; Type: INDEX; Schema: public; Owner: bu029000
--

CREATE INDEX idx_implver_connid ON public.implementation_version USING btree (connid_version);


--
-- TOC entry 3355 (class 1259 OID 1803380)
-- Name: idx_implver_impl; Type: INDEX; Schema: public; Owner: bu029000
--

CREATE INDEX idx_implver_impl ON public.implementation_version USING btree (implementation_id);


--
-- TOC entry 3358 (class 1259 OID 1803382)
-- Name: idx_req_app; Type: INDEX; Schema: public; Owner: bu029000
--

CREATE INDEX idx_req_app ON public.request USING btree (application_id);


--
-- TOC entry 3365 (class 2606 OID 1803393)
-- Name: application_origin fk_app_origin_app; Type: FK CONSTRAINT; Schema: public; Owner: bu029000
--

ALTER TABLE ONLY public.application_origin
    ADD CONSTRAINT fk_app_origin_app FOREIGN KEY (application_id) REFERENCES public.application(id) ON DELETE CASCADE DEFERRABLE INITIALLY DEFERRED;


--
-- TOC entry 3366 (class 2606 OID 1803398)
-- Name: application_origin fk_app_origin_country; Type: FK CONSTRAINT; Schema: public; Owner: bu029000
--

ALTER TABLE ONLY public.application_origin
    ADD CONSTRAINT fk_app_origin_country FOREIGN KEY (country_id) REFERENCES public.country_of_origin(id) DEFERRABLE INITIALLY DEFERRED;


--
-- TOC entry 3363 (class 2606 OID 1803383)
-- Name: application_application_tag fk_app_tag_app; Type: FK CONSTRAINT; Schema: public; Owner: bu029000
--

ALTER TABLE ONLY public.application_application_tag
    ADD CONSTRAINT fk_app_tag_app FOREIGN KEY (application_id) REFERENCES public.application(id) ON DELETE CASCADE DEFERRABLE INITIALLY DEFERRED;


--
-- TOC entry 3364 (class 2606 OID 1803388)
-- Name: application_application_tag fk_app_tag_tag; Type: FK CONSTRAINT; Schema: public; Owner: bu029000
--

ALTER TABLE ONLY public.application_application_tag
    ADD CONSTRAINT fk_app_tag_tag FOREIGN KEY (tag_id) REFERENCES public.application_tag(id) ON DELETE CASCADE DEFERRABLE INITIALLY DEFERRED;


--
-- TOC entry 3367 (class 2606 OID 1803403)
-- Name: downloads fk_dl_implver; Type: FK CONSTRAINT; Schema: public; Owner: bu029000
--

ALTER TABLE ONLY public.downloads
    ADD CONSTRAINT fk_dl_implver FOREIGN KEY (implementation_version_id) REFERENCES public.implementation_version(id) ON DELETE CASCADE DEFERRABLE INITIALLY DEFERRED;


--
-- TOC entry 3368 (class 2606 OID 1803408)
-- Name: implementation fk_impl_app; Type: FK CONSTRAINT; Schema: public; Owner: bu029000
--

ALTER TABLE ONLY public.implementation
    ADD CONSTRAINT fk_impl_app FOREIGN KEY (application) REFERENCES public.application(id) ON DELETE CASCADE DEFERRABLE INITIALLY DEFERRED;


--
-- TOC entry 3369 (class 2606 OID 1803413)
-- Name: implementation_implementation_tag fk_impl_tag_impl; Type: FK CONSTRAINT; Schema: public; Owner: bu029000
--

ALTER TABLE ONLY public.implementation_implementation_tag
    ADD CONSTRAINT fk_impl_tag_impl FOREIGN KEY (implementation_id) REFERENCES public.implementation(id) ON DELETE CASCADE DEFERRABLE INITIALLY DEFERRED;


--
-- TOC entry 3370 (class 2606 OID 1803418)
-- Name: implementation_implementation_tag fk_impl_tag_tag; Type: FK CONSTRAINT; Schema: public; Owner: bu029000
--

ALTER TABLE ONLY public.implementation_implementation_tag
    ADD CONSTRAINT fk_impl_tag_tag FOREIGN KEY (tag_id) REFERENCES public.implementation_tag(id) ON DELETE CASCADE DEFERRABLE INITIALLY DEFERRED;


--
-- TOC entry 3371 (class 2606 OID 1803423)
-- Name: implementation_version fk_implver_connid; Type: FK CONSTRAINT; Schema: public; Owner: bu029000
--

ALTER TABLE ONLY public.implementation_version
    ADD CONSTRAINT fk_implver_connid FOREIGN KEY (connid_version) REFERENCES public.connid_version(version) DEFERRABLE INITIALLY DEFERRED;


--
-- TOC entry 3372 (class 2606 OID 1803428)
-- Name: implementation_version fk_implver_impl; Type: FK CONSTRAINT; Schema: public; Owner: bu029000
--

ALTER TABLE ONLY public.implementation_version
    ADD CONSTRAINT fk_implver_impl FOREIGN KEY (implementation_id) REFERENCES public.implementation(id) ON DELETE CASCADE DEFERRABLE INITIALLY DEFERRED;


--
-- TOC entry 3373 (class 2606 OID 1803433)
-- Name: request fk_request_app; Type: FK CONSTRAINT; Schema: public; Owner: bu029000
--

ALTER TABLE ONLY public.request
    ADD CONSTRAINT fk_request_app FOREIGN KEY (application_id) REFERENCES public.application(id) ON DELETE CASCADE DEFERRABLE INITIALLY DEFERRED;


--
-- TOC entry 3374 (class 2606 OID 1803438)
-- Name: votes fk_votes_request; Type: FK CONSTRAINT; Schema: public; Owner: bu029000
--

ALTER TABLE ONLY public.votes
    ADD CONSTRAINT fk_votes_request FOREIGN KEY (request_id) REFERENCES public.request(id) ON DELETE CASCADE DEFERRABLE INITIALLY DEFERRED;


-- Completed on 2025-10-27 13:37:40

--
-- PostgreSQL database dump complete
--

\unrestrict LtLjw8rcIVRBxmzJwpB7rKGsfqia3mQ9RIhFbjLm8gdizClR8eCoXgV2xo9o0RW

